,movie_id,prediction
466999,2739,0.013439064845442772
855621,3740,-0.0061048599891364574
833044,1275,0.009195997379720211
117510,1343,0.005178182385861874
84587,1207,0.016297899186611176
10916,2687,-0.0030433472711592913
697633,156,-0.00741457287222147
876645,2321,0.0025985019747167826
403186,1225,-0.0024864673614501953
599097,1667,-0.0003481352759990841
860284,2628,-0.0024602008052170277
315855,912,0.006648540496826172
519205,2112,0.012912453152239323
296512,2194,0.00657258415594697
391393,1391,-0.008709066547453403
12270,1552,-0.008329895325005054
827569,316,-0.0006096777506172657
810259,1732,-0.011878340505063534
953751,2529,0.0002701666089706123
429661,34,-0.0002706131199374795
412582,3948,0.021108703687787056
290974,2737,0.015598058700561523
994797,2947,-0.004241670947521925
543863,1193,-0.007936602458357811
765961,194,0.00887243077158928
334646,2193,0.0013314709067344666
761195,1961,0.0034277033992111683
743705,2407,-0.01842520758509636
194447,318,0.0022139803040772676
970244,173,-0.009028623811900616
819388,3053,-0.008980650454759598
223738,17,0.006669777445495129
915043,170,0.01903960295021534
429557,2858,0.0020011835731565952
764058,2528,0.003448325674980879
467509,968,-0.009209220297634602
816016,3039,-0.013095701113343239
856404,2863,-0.009659034200012684
995568,541,0.008579690009355545
784088,647,-0.013575738295912743
571161,2550,-0.0045457989908754826
125749,471,-0.011357750743627548
947594,3194,-0.0026679676957428455
115925,2447,-0.013842272572219372
964271,1219,-0.00874438975006342
342038,1921,-0.008458202704787254
41227,2903,-0.006392333190888166
566875,2396,-0.0009633857989683747
571769,1414,-0.0003554773866198957
465970,2686,-0.005382462404668331
595457,1266,-0.004120605997741222
877132,3683,0.0006898987339809537
525468,3826,-0.015589510090649128
837434,3552,-0.014642403461039066
479499,1348,0.008118257857859135
72147,2364,0.0017270460957661271
464831,2918,-0.0019049334805458784
36328,2355,-0.0037286034785211086
809158,1393,-0.0034518996253609657
65577,1036,0.005053186789155006
22584,322,0.007067237049341202
916013,780,-0.005064216908067465
10958,1617,-0.00782262533903122
225064,1674,-0.004092848859727383
413637,2431,0.009335517883300781
713201,1586,0.010547089390456676
767370,711,-0.0020414332393556833
792609,1034,-0.0036432784982025623
294740,592,0.0064561315812170506
602155,3257,0.007181871682405472
497580,2613,-0.006332001648843288
914393,919,0.0031103724613785744
503948,3083,-0.007761033717542887
508233,2300,0.0014648453798145056
694003,1912,-0.008987155742943287
708007,3062,-0.008032253012061119
328802,1998,-0.0022948384284973145
915662,587,-0.0038904983084648848
209777,899,-0.014755543321371078
598539,2428,-0.014581801369786263
13431,480,-0.00548617634922266
588333,3208,0.002316963393241167
309879,1252,-0.008164878934621811
864697,101,0.001578345661982894
112397,417,0.0027065500617027283
116170,2105,0.01140492595732212
179624,1513,0.0008216788992285728
515705,36,0.011892305687069893
613622,3100,-0.001175668090581894
784507,893,0.0007131973397918046
715417,2088,-0.008591155521571636
952588,1259,-0.0004296713159419596
160779,3730,-0.01569671370089054
766922,1296,-0.0022816918790340424
250347,3617,-0.007323709782212973
739953,724,0.0023060175590217113
418598,1101,0.004259826615452766
760850,2712,0.014259769581258297
372864,2366,-0.018257521092891693
702020,1831,-0.009410944767296314
470099,2723,0.0008968121837824583
970118,733,-0.0006795421941205859
652163,3774,0.008308676071465015
994357,2028,0.015138470567762852
158947,3125,0.0028495686128735542
217475,2043,-0.005642159376293421
655133,593,0.010964508168399334
264220,2580,-0.0056098103523254395
451285,2961,-0.010281657800078392
978328,2170,-0.003795990254729986
732992,2174,-0.0028772205114364624
910342,3423,0.007280505262315273
523029,1202,0.0030313353054225445
837003,1172,0.0011706383666023612
114144,1804,-0.01880517229437828
970397,608,0.004879903979599476
757006,1837,-0.01837671548128128
25654,2683,0.0039553046226501465
686362,2054,-0.03015521541237831
682459,1196,0.006419184617698193
505550,1653,0.003120848909020424
301649,588,0.008737019263207912
155929,861,0.01357340719550848
204043,2313,0.0003356457455083728
393126,3147,-0.004107750952243805
748506,2402,-0.002890583360567689
975958,1267,-0.003454068675637245
145297,3482,0.00818873755633831
817528,3654,-0.01647230051457882
507316,1920,0.005198701284825802
993224,1587,0.01371830701828003
218908,1197,0.013029933907091618
106916,1028,-0.008059646934270859
353725,2183,-0.007752305828034878
504630,2710,0.002728072926402092
339847,2661,-0.007660857401788235
577178,3868,-0.007742194924503565
270824,260,0.011925025843083858
872444,1484,0.0007524099200963974
793906,3785,-0.003419815329834819
298524,2473,0.0020782265346497297
704482,1244,0.004484047647565603
336022,1535,0.002120665507391095
503427,1394,-0.011020926758646965
161173,3224,-0.013310869224369526
764930,1717,-0.001432704972103238
578278,3418,0.010965456254780293
140625,1499,-0.005005846731364727
880305,377,4.036416066810489e-05
282756,10,0.0007345706690102816
915212,1233,-0.0031367617193609476
261151,2639,-0.013041040860116482
74840,1339,0.010408547706902027
26765,858,-0.011429579928517342
844547,1356,-0.00818624161183834
653215,2401,0.006672210525721312
346746,1095,-0.012391328811645508
814325,3479,-0.0015209480188786983
947289,1641,-0.012799220159649849
883206,1242,0.009368127211928368
836125,2116,-0.0005569413769990206
562877,2248,-0.00842493586242199
682086,2,-0.010844257660210133
816999,3368,-0.0013150208396837115
421191,3554,-0.004195967689156532
841853,898,-0.007328351028263569
705466,1269,0.011138091795146465
869364,1985,-0.00712464889511466
183207,1188,0.0018478973070159554
412999,2762,0.0018143318593502045
550861,918,-0.0032268306240439415
112538,1395,-0.0031194016337394714
425888,1094,-0.0025307713076472282
476816,1396,0.013420719653367996
104705,22,0.006903341040015221
541602,2605,-0.005121064372360706
54040,2003,-0.01546880416572094
933610,2912,0.007072126492857933
574558,2078,0.00706817489117384
8947,1676,0.007260176818817854
161791,2013,0.004497596062719822
326511,2718,-0.001757994294166565
386821,3107,-0.0014636274427175522
430177,327,0.006436892319470644
708047,1544,-0.009288041852414608
1000045,1228,0.0008883831324055791
810320,1537,0.0008528329199180007
227514,589,0.020012592896819115
51098,2273,-0.010808970779180527
974956,265,0.009883448481559753
552731,2959,-0.007465134374797344
999242,1680,0.006006839219480753
10678,2433,0.006606978829950094
954105,1061,0.005629438906908035
488008,47,-0.00396802369505167
198615,2879,-0.012205909006297588
190326,2094,-0.0025601612869650126
57236,296,-0.002146895509213209
190381,785,-0.008760142140090466
749461,1401,-0.006354851648211479
323493,3081,-0.006441106088459492
153048,1333,-0.007744363509118557
434735,3685,0.007063068449497223
317667,459,0.004930563271045685
547693,1097,-0.0005396261112764478
257773,3178,-0.00384084926918149
197264,2479,0.010137774050235748
814253,595,0.0030568090733140707
606816,550,-0.007880941964685917
422052,2167,-0.00022273289505392313
500836,2154,-0.004403173923492432
131641,3527,0.002126747975125909
848689,3019,0.008061138913035393
681114,3751,0.011032942682504654
566054,969,-0.00467649195343256
609994,3494,-0.004132959526032209
453499,1614,-0.0035951000172644854
544909,916,-0.00041829003021121025
101626,2414,-0.0059625934809446335
929111,457,0.018793396651744843
91183,3638,-0.0003300218377262354
875397,2694,0.002063578926026821
678867,2779,0.003094170242547989
409569,293,0.0035008015111088753
928022,1022,7.21996184438467e-05
87335,350,0.0065114861354231834
906481,1213,0.0017882981337606907
825834,1035,-0.011623316444456577
448697,2804,-0.014894046820700169
198430,1518,-0.016113050282001495
612119,3623,-0.012005294673144817
346814,3005,0.006458544638007879
751360,2064,0.003458904568105936
200473,2046,-0.007764593698084354
181892,3260,-0.005086634308099747
622644,2857,-0.008103717118501663
634646,2271,-0.021101128309965134
917519,1088,-0.004045641981065273
849399,158,-0.004402430262416601
307298,3431,0.00674841832369566
444775,1762,0.009522268548607826
399382,575,-0.010678700171411037
671399,150,-0.006923926994204521
418066,3447,-0.0016091830329969525
30957,1258,0.01413566805422306
398974,1668,0.0010731639340519905
717715,2427,0.012020706199109554
905079,648,-0.007516683079302311
378158,2124,-0.0022076626773923635
376208,110,-0.006444135680794716
658351,1125,-0.009600941091775894
609893,3114,0.002874741330742836
811888,1210,-0.01149180717766285
198120,2289,0.014397327788174152
842343,1230,-0.004381109029054642
767005,153,-0.0003553261049091816
473754,3137,0.00815141387283802
284477,29,0.0013087517581880093
177209,500,-0.00042040180414915085
845802,1672,0.003717248560860753
11444,1923,-0.01512451283633709
325718,1,0.0038339889142662287
642973,193,-0.0014519348042085767
54957,3952,0.0037661136593669653
578207,3897,0.008269994519650936
478762,1894,-0.005068007856607437
876590,3578,0.008675779215991497
773603,2450,-0.00311522395350039
369953,1527,-0.00017027935246005654
39112,1231,0.006769757252186537
805240,2797,-0.004843340255320072
532279,2706,-0.012798015028238297
172317,3727,-0.004312330856919289
128588,2567,0.002562058623880148
637930,2655,0.009474825114011765
236306,2291,-0.0007046869723126292
141377,1485,-0.011821295134723186
898963,836,0.002462840871885419
58827,1073,-0.0048224227502942085
804262,246,-0.01165143121033907
958539,2951,-0.006112527102231979
621452,2405,-0.0005189981893636286
703043,3174,-0.005717971362173557
266396,2893,-0.01696174219250679
286236,3608,0.006339051760733128
510284,3173,-0.007268509361892939
832969,674,-0.0032944781705737114
725402,2195,0.0015871480572968721
757925,1027,-0.011713691987097263
800614,253,0.004508441314101219
701874,1305,-0.001937385182827711
629891,1976,-0.0008179120486602187
231763,356,0.007543772459030151
348248,515,-0.008792450651526451
916613,955,0.00672115059569478
616659,1304,0.014118317514657974
964867,913,0.008677332662045956
494166,810,-0.0075078681111335754
657727,1214,0.003489206312224269
346124,2648,0.0027318280190229416
31565,368,-0.0012769028544425964
412138,3196,-0.004200153984129429
455371,2468,7.384573109447956e-05
140037,46,-0.00389883597381413
503253,1198,0.012537019327282906
493362,475,0.004748462699353695
747150,1584,0.0035107415169477463
405758,3717,0.016717396676540375
886980,1963,-0.008601187728345394
284842,1171,0.007485390640795231
142411,1320,0.017093399539589882
276433,1019,-0.003332586493343115
514703,1261,0.007931957021355629
760056,1060,0.006621749140322208
613107,736,0.009308134205639362
229709,2720,0.007928306236863136
464761,2081,-0.0030911487992852926
912986,2702,0.013327568769454956
226177,1591,-0.014067248441278934
865579,3676,-0.005977410823106766
465291,19,-0.014231536537408829
619124,2950,-0.007164768874645233
932652,3247,-0.000561675988137722
326793,1594,-0.0010264384327456355
976895,1562,0.004016357008367777
390230,2012,-0.004443984478712082
429936,1220,0.0031139992643147707
498437,1597,0.0043694861233234406
111946,2023,0.014159281738102436
859280,1080,0.0005441606044769287
519071,3105,-0.01004480104893446
69183,2416,-0.001086614327505231
722751,3508,-0.0011366195976734161
253103,3753,-0.008367317728698254
437784,3720,0.011891436763107777
705209,1556,0.0023087305016815662
109853,886,-0.005385375581681728
471540,599,-0.007448029704391956
88315,2643,-0.012314906343817711
998087,2699,0.008333981037139893
979003,1294,-0.0023468858562409878
626611,2496,-0.0036989550571888685
454034,362,-0.002955941017717123
201966,3421,-0.010130750015377998
137045,553,0.0013748928904533386
108318,1982,-0.020606527104973793
225971,1299,0.007049822248518467
975898,1909,0.0028456691652536392
578556,1784,0.005946437828242779
9361,1888,-0.00794942956417799
362498,1969,-0.01255405880510807
146560,2826,0.003870987333357334
603995,2424,-0.008220226503908634
612463,3614,4.82944305986166e-05
302178,1398,0.014131891541182995
204185,1953,0.0019089111592620611
676720,533,-0.006380504462867975
496485,2139,-0.006350209936499596
802266,3016,-0.006690077483654022
525154,364,0.014497652649879456
608334,1721,-0.003090545069426298
26588,83,0.010595060884952545
548325,1078,0.007946901023387909
432088,215,0.001165260560810566
886078,2115,0.004544827621430159
673784,2268,0.0030897825490683317
955528,1218,0.0011119747068732977
941486,317,-0.013641185127198696
495001,1955,3.494229167699814e-05
804090,344,0.0027105167973786592
537358,1911,-0.004229038022458553
203563,2827,-0.008062518201768398
387225,2657,0.004066784866154194
982858,1208,0.00040178318158723414
65924,2261,0.0017095780931413174
25545,3210,0.000881553627550602
436215,3261,-0.011306306347250938
86639,2137,0.009939498268067837
863025,1580,-0.0027359023224562407
305077,2583,0.004941962659358978
855949,3060,-0.004264363087713718
846984,272,0.0008180649019777775
615515,953,0.009265542030334473
518739,2122,0.0018016175599768758
188642,3358,-0.009399080649018288
844890,1248,0.0043751029297709465
272910,497,-0.0009366057347506285
265927,1747,-0.007910974323749542
706180,3163,-0.010618288069963455
865753,2792,-0.008122085593640804
374541,2033,-0.019129116088151932
452356,3928,0.002575851045548916
950275,1203,0.011023789644241333
653616,2384,0.0019240134861320257
797207,1944,-0.0028211192693561316
82429,3702,-0.016129061579704285
952766,1441,-0.0045601436868309975
446073,903,0.00041984254494309425
41190,2717,-0.016747083514928818
336594,3484,0.005260624922811985
601095,1429,-0.0019480320625007153
515184,3462,-0.006680344697088003
668353,3600,-0.0022872136905789375
562269,1084,-0.002351493341848254
270859,448,-0.002199700102210045
641896,180,-0.0027282065711915493
14883,198,-0.00970078818500042
900388,1010,0.000524402828887105
951610,1112,0.012380372732877731
381719,3506,-0.00912429578602314
425103,2946,0.003994083032011986
722903,3363,-0.0019301741849631071
773606,208,-0.006196488160640001
98351,11,0.004714983515441418
911110,1201,-0.01231138315051794
155370,2188,-0.0034397966228425503
248297,2728,-0.007925335317850113
934751,2866,-0.017396101728081703
299247,2787,0.012029943987727165
571226,2763,-0.009301519952714443
277012,1376,0.0038935858756303787
353915,930,0.013917427510023117
308948,2791,-0.011854274198412895
655223,1307,-0.014123636297881603
792628,540,-0.003035545814782381
259912,1240,-0.012119995430111885
537905,3852,-0.013992855325341225
793298,3686,-0.011084038764238358
383832,1205,0.004503021948039532
958531,383,-0.0045304386876523495
990614,3076,0.0011369837448000908
524560,3752,-0.003130147233605385
297634,3507,0.005118887405842543
887505,935,0.01181081123650074
508592,3689,-0.0039842380210757256
788998,2429,-0.0014327154494822025
82505,1321,-0.006574384402483702
732921,3042,-0.00411625299602747
946852,3052,-0.01574687659740448
125852,2881,0.004536905791610479
496010,2541,0.003278212621808052
314909,1298,-0.004794556647539139
151154,1270,0.00031468787346966565
179231,3551,0.004108480177819729
426827,3099,-0.007737818174064159
100057,3082,-0.0035706297494471073
130321,3176,-0.0185156911611557
267255,1573,0.0023325015790760517
640933,1274,-0.013194960542023182
209595,367,-0.005024544894695282
537637,719,0.0026889205910265446
398896,1292,0.0037187328562140465
598366,3555,-0.006067049689590931
378680,3469,-0.010832961648702621
342090,3945,0.0042572421953082085
114356,2409,-0.001991300843656063
661481,432,-0.0073509979993104935
881899,2746,0.016180023550987244
704861,1440,0.006269864737987518
539429,1212,-0.000991717679426074
945620,329,-0.005327035207301378
116035,235,-0.010031621903181076
220697,112,-0.0005951687344349921
532735,2147,-0.008735396899282932
764327,2262,-0.007630772422999144
332324,1235,0.007347655016928911
712163,1090,-0.015340028330683708
1323,1089,-0.006845961790531874
902050,3044,0.0005431463941931725
461713,3911,0.012372861616313457
391835,737,0.01379405241459608
748790,2040,0.008603408932685852
910729,1272,-0.0008355812751688063
63666,281,-0.005629359744489193
645311,1508,0.001110593555495143
563816,161,0.0027104418259114027
782573,2621,0.024387817829847336
102267,661,0.0038001795765012503
104178,3266,-0.012151651084423065
162819,1285,-0.003107877913862467
694154,3634,0.0009423699229955673
317229,2018,0.0004427647218108177
959973,3770,0.009081183932721615
947420,908,0.006041264161467552
150511,2676,-0.01334377471357584
196005,1250,0.005236366763710976
503666,1735,-0.003859675722196698
625333,2130,-0.008380976505577564
314424,2769,0.010606496594846249
320111,1345,0.005981811322271824
388139,3104,0.02096465602517128
423847,1017,0.0011787666007876396
790929,1092,-0.004037930630147457
275211,1779,0.0037342929281294346
309467,3204,-0.01283879205584526
171735,2329,0.010654001496732235
898536,2800,-0.010959100909531116
641453,1278,-0.012312548235058784
880539,1200,-0.008608775213360786
38285,3439,0.0084798913449049
513660,3033,-0.009089453145861626
363811,3384,-0.005421334411948919
819400,2966,0.003008375409990549
404676,3526,-0.020447198301553726
234302,12,-0.0065396735444664955
56498,2871,-0.003767975838854909
823224,3070,-0.005294434260576963
807829,924,-0.003803594270721078
814460,750,-0.002670127199962735
938649,2413,-0.003581878961995244
491055,3769,-0.0008062018314376473
331587,639,0.010592796839773655
102071,218,0.006470128893852234
150998,1373,-0.009437423199415207
618023,3827,-0.011800166219472885
71804,1487,0.010882582515478134
765594,778,0.0009315400384366512
194126,1103,-0.02010400965809822
285776,1644,0.002640007995069027
784883,2972,-0.00524736475199461
377223,2875,0.010019238106906414
969661,904,0.013126584701240063
604388,2559,0.0047752405516803265
852855,428,0.0028142535593360662
210278,3386,0.003974925726652145
656081,1148,-0.0053291660733520985
347757,190,-0.00101343949791044
941357,2812,-0.003488941816613078
902088,628,0.0004288759082555771
152856,947,-0.0038521396927535534
345094,2889,-0.014294440858066082
669392,2259,-0.001964762806892395
631346,1611,-0.004498980939388275
900385,1792,0.001722419634461403
352649,292,-0.018539514392614365
426358,748,-0.0057222493924200535
222372,440,0.0020555169321596622
275204,2571,-0.006348959170281887
891433,3089,0.0012858920963481069
484467,434,0.0021234634332358837
558014,1834,-0.003844077466055751
600671,2985,0.0029486569110304117
138393,1378,-0.012697281315922737
903719,2075,0.00530090369284153
392789,2502,0.004216811619699001
109396,1917,-0.009609571658074856
817554,2390,-0.007222587242722511
81879,342,-0.009226747788488865
819720,288,-0.0012288852594792843
577266,3142,0.006478980649262667
733060,1206,-0.011928246356546879
643515,3203,-0.015397723764181137
45176,2516,0.006451037712395191
218931,2393,-0.01648135483264923
793969,3424,0.001168491318821907
332701,852,-0.003293973160907626
218227,911,0.0029423804953694344
197913,1500,-0.006136168725788593
89295,2336,-0.0065496740862727165
538883,2815,-0.004449627362191677
166531,2371,-0.013621091842651367
724971,1777,0.01468166895210743
152855,1479,-0.01334031019359827
907953,1466,0.010006574913859367
187060,3160,0.008879137225449085
930077,3408,0.007950610481202602
240376,3528,0.012704886496067047
29341,71,-0.002166633028537035
296490,3101,0.009605810046195984
976224,2872,-0.012077423743903637
104380,2334,0.008800079114735126
995145,653,0.005479803774505854
790830,1754,-0.010291465558111668
509752,2456,0.005878005176782608
491035,2956,-0.002393340226262808
374928,1066,0.007179854903370142
633990,3688,-0.008734514005482197
247106,50,0.005102384835481644
508601,3698,-0.0042562102898955345
392653,708,-0.013825682923197746
202580,3326,0.0005183319444768131
845399,1446,-0.0050170086324214935
289327,3846,0.01571761444211006
347105,1175,0.0015789724420756102
60784,3549,-0.023353440687060356
69816,741,-0.0054853009060025215
331484,3478,-0.016286423429846764
23648,3273,0.002035737968981266
324190,2143,-0.007087138947099447
959958,546,0.006483816541731358
266371,3624,-0.008850174956023693
818239,3108,-0.00454730074852705
888207,485,0.011431708931922913
356520,2748,0.0006787261227145791
382694,1280,-0.011240790598094463
966652,224,-0.010770098306238651
720621,188,0.012973472476005554
172674,3398,0.013455966487526894
456790,2108,-0.0047164238058030605
818964,3598,-0.007187501061707735
741100,1033,0.014774736948311329
439469,345,0.007777168415486813
963141,3088,0.006347487214952707
745810,3775,0.00345842563547194
574787,2161,0.0013112600427120924
370315,2701,-0.012124027125537395
359555,1958,-0.0038692434318363667
625627,1215,0.0032083464320749044
606598,2518,-0.007000656332820654
836672,1020,-0.006320217624306679
320581,2136,-0.010292691178619862
27221,3396,-0.0043475441634655
186755,605,-0.004774807952344418
12927,2367,-0.0017072432674467564
814129,832,-0.002604697598144412
198596,2805,-0.00468862522393465
675025,3362,0.0007226010784506798
100168,2133,-0.010124322026968002
160004,438,-0.0013064201921224594
494791,379,0.0006666211411356926
213101,518,0.001464721281081438
706515,3006,0.016198720782995224
560804,3246,-0.010574661195278168
519035,2432,0.00041317049181088805
705003,2498,0.005332254804670811
184518,700,-0.007009414955973625
41764,126,-0.0031644406262785196
684432,2662,-0.008993917144834995
980644,1975,-0.0044493768364191055
154021,2146,-0.004116154741495848
962740,3489,-0.007737571373581886
276741,596,0.002624525222927332
502944,2382,-0.009401656687259674
774789,2986,-0.013845535926520824
404771,65,-0.007746630348265171
335204,2392,-0.0049032047390937805
583114,3798,0.0047839330509305
576118,3604,-0.0009719909285195172
62280,1748,0.0014448161236941814
678454,477,0.0030282242223620415
513798,1663,0.010771239176392555
184703,1254,-0.008003711700439453
705046,266,0.0004605643916875124
524946,3841,0.0018327721627429128
628211,196,0.0011267861118540168
551121,2087,-0.00676973769441247
319789,1276,-0.007295888848602772
694311,2533,0.009069879539310932
256911,2020,0.003186081303283572
737802,1029,0.012365128844976425
972886,2870,-0.0011514599900692701
113888,3744,-0.007505873218178749
38071,44,0.0034601713996380568
549183,2572,0.0032968055456876755
53324,2053,-0.0003211849834769964
80836,1262,-0.0053539457730948925
870012,2478,0.0012943893671035767
312511,1997,-0.0009530044626444578
386757,86,0.006900937296450138
208440,2944,-0.01232040673494339
313130,3809,0.0042032902128994465
652838,2788,0.013225778937339783
422257,1185,0.010692864656448364
219554,2927,-0.00764292711392045
162252,3807,0.0022816197015345097
589995,1263,0.0018691640580073
482594,1649,-0.008474111557006836
89032,1247,-0.0029982510022819042
404709,1954,0.006750623695552349
795548,1224,0.008793476037681103
41919,1983,-0.004114833194762468
879285,3258,0.0010445178486406803
650770,1086,0.0019469207618385553
874574,2990,0.011925831437110901
371509,764,-0.006920399144291878
411013,3435,-0.006248395889997482
925580,2901,-0.0015175470616668463
830809,1625,0.0078101190738379955
342228,1633,-0.009413961321115494
610067,1967,-0.0015048655914142728
290316,3301,0.006086720619350672
561804,3697,-0.0017247541109099984
253295,2512,0.0050790561363101006
609647,1173,-0.016384325921535492
214015,1221,-0.013584084808826447
593280,1427,0.01581886038184166
278689,2420,0.00414812657982111
483647,2907,-0.0019328980706632137
387498,2490,-0.014833417721092701
256414,95,0.002957187360152602
984158,1260,0.007936041802167892
524024,1876,-0.0232007447630167
70149,456,-0.014650999568402767
667304,3095,0.010655630379915237
326866,2942,0.01740873046219349
466043,2394,-0.009785464033484459
115654,923,0.0006650853902101517
183278,1727,0.0127126295119524
978089,2759,0.00035207695327699184
492149,3388,0.006392043549567461
620125,1047,0.004519054666161537
836594,2385,-0.017688391730189323
583372,441,0.009085926227271557
150519,415,0.0012478805147111416
711771,1191,-0.005821640603244305
995564,2002,-0.0027774376794695854
323731,3602,1.058308407664299e-05
749168,349,0.0019581266678869724
628963,1408,0.006989088840782642
200424,2761,-0.010450227186083794
131504,185,-0.0093483692035079
189366,1183,0.00815611146390438
905388,3593,0.011985329911112785
665918,1729,-0.0027736653573811054
944760,2096,-0.007577288895845413
739880,1595,0.009247451089322567
799804,1211,-0.005584822501987219
800876,337,0.005971329286694527
227581,405,-0.015437382273375988
321351,1582,0.008363553322851658
423557,527,-0.005923949182033539
468455,2302,0.0046137114986777306
437592,1682,0.011824565939605236
499859,3471,0.0012061395682394505
756145,961,-0.0064856503158807755
717003,3404,-0.004026710521429777
778504,1927,-0.012088143266737461
803304,3256,0.0035810014232993126
892673,1673,-0.008149752393364906
905405,2968,0.008143098093569279
896069,581,-0.004777358379215002
348976,879,-0.0030680494382977486
450185,3255,0.017868096008896828
834761,1041,-0.008210644125938416
90642,2106,-0.007379982620477676
475996,3704,-0.008076885715126991
990200,455,0.005208208225667477
667447,479,-0.0034837995190173388
167596,1407,-0.0050797853618860245
730723,3096,0.013014864176511765
145566,586,-0.004659770987927914
369926,2138,0.007343478966504335
208777,3872,-0.005801178514957428
843259,3521,0.0017330229748040438
251369,3910,0.00972558930516243
249017,1031,0.019759465008974075
252594,2395,0.0005832425085827708
55044,1392,-0.00334165059030056
305866,1379,-0.006280764006078243
75136,2001,0.0013634185306727886
435134,2380,0.013593699783086777
810692,1179,-0.014264681376516819
337739,2916,0.013383743353188038
668246,1610,-0.018920807167887688
107804,2640,-0.000492987921461463
831500,3441,0.0012893092352896929
112304,2295,0.01355033926665783
244176,1952,-0.014450040645897388
744707,2423,-0.0014656120911240578
351880,3889,0.005782877095043659
652413,1679,-0.008461320772767067
265556,1627,-0.008069003000855446
167358,1409,0.0001986508723348379
1001,1023,-0.006378090940415859
645363,1719,0.009422463364899158
220417,2527,0.005727322772145271
843570,1093,0.024003582075238228
878354,2671,0.0010227616876363754
216559,1265,0.008991308510303497
606370,965,0.00990170706063509
25750,1234,0.004967588931322098
487015,464,0.010922685265541077
707351,2667,-0.00021574413403868675
831405,3155,-0.003561871126294136
7083,1085,0.007116029039025307
238686,2463,0.009802138432860374
388802,2076,0.0036876730155199766
723299,2997,0.015200633555650711
644149,3272,-0.007490997668355703
143397,2952,0.012550470419228077
158537,2738,-0.02450370416045189
876679,2038,0.0005684371571987867
671806,234,0.007821386680006981
740251,3791,8.194707334041595e-06
259874,3354,-0.021108979359269142
656402,548,0.010530931875109673
988291,1268,0.0049742767587304115
243887,3667,-0.011864721775054932
592224,1057,0.005882087163627148
322247,3481,0.004932258278131485
751388,3034,-0.0170808844268322
539166,3477,0.005671035032719374
234715,1453,-0.010968733578920364
670271,2306,0.00928248930722475
31151,2599,-0.002570247510448098
510736,2596,0.012594101950526237
278330,2606,-0.01658489927649498
205479,2977,-0.004086946602910757
713765,2669,0.012027017772197723
634631,1603,0.003937238827347755
316979,2594,0.015244528651237488
309736,164,0.0005181804299354553
975277,2267,0.012542098760604858
263790,2029,-0.0045464178547263145
647005,2467,-0.0031838177237659693
330998,141,-0.014049078337848186
762568,3361,0.0027523040771484375
902836,3186,0.004582696594297886
960809,569,-0.003252745606005192
867952,2247,0.0069845798425376415
434249,934,-0.009084910154342651
488679,802,-0.010162937454879284
951857,2344,-0.010151037015020847
126201,2555,-0.0034246407449245453
722213,2539,0.014813721179962158
137679,1284,-0.0008771880529820919
405603,1246,-0.0033934845123440027
907057,454,0.0009401110000908375
538998,2542,0.002517104847356677
646617,2681,0.0067962221801280975
406959,2126,-0.011319110170006752
764431,442,0.01642470434308052
602389,1287,0.003587779588997364
769473,1167,0.007019883953034878
177038,1704,0.00023255791165865958
204792,1204,-0.013675807043910027
814133,2324,0.01064892578870058
163940,1598,0.00864061526954174
6779,1810,0.01243808213621378
783656,100,0.0007999460794962943
326147,3324,0.008298046886920929
361071,21,0.019076768308877945
633340,1380,0.009991077706217766
545536,58,-0.0031696155201643705
141389,3250,-0.012342115864157677
103414,1194,-0.006609749980270863
519655,2045,-0.0035645868629217148
787817,306,0.003322758711874485
681525,1358,0.005069636274129152
336497,3763,-0.00539746880531311
20106,2764,0.003352876752614975
217004,3682,-0.009813372977077961
532952,909,0.004239239729940891
958809,1136,-0.009720410220324993
183838,6,-0.002787287812680006
576852,3064,-0.001712896628305316
430153,157,-0.013161998242139816
246824,997,-0.009580565616488457
157342,1079,-0.0021353368647396564
375002,2411,-0.00021071708761155605
322557,2561,-0.009968085214495659
407171,3253,0.007306883577257395
318584,2067,0.0007427121745422482
374102,671,0.002109257970005274
412885,1569,0.0015430226922035217
521334,3067,0.002104899613186717
218611,1387,0.0043796151876449585
347171,2993,-0.012382258661091328
331435,1833,-0.015480998903512955
178072,3668,0.00782560184597969
515285,2406,-0.0009613502770662308
858309,1283,-0.008000909350812435
541771,597,0.0006222210358828306
762069,1957,0.015868116170167923
153867,1947,0.008524449542164803
772935,1354,-0.017276179045438766
687850,2795,-0.0003789651673287153
496947,2766,-0.008688827976584435
82636,2212,-0.00024885073071345687
36361,2372,-0.01762314885854721
304601,1279,0.0012262058444321156
657304,539,0.016630049794912338
917400,1645,-0.010955912061035633
486502,2077,-0.019408093765378
207042,162,0.002460438059642911
681133,3792,0.016844281926751137
644990,3935,-0.009747997857630253
453282,3325,0.012550466693937778
405897,1405,0.0013257893733680248
438206,1291,0.008219429291784763
136700,2515,-0.016106244176626205
989994,986,-0.005426722578704357
350542,2688,0.006689668167382479
950055,544,0.01257535070180893
995899,2065,0.0012903851456940174
85110,1959,-0.010514263063669205
405498,2294,-0.006825756281614304
852720,357,-0.002716392744332552
128840,1177,0.011692522093653679
823324,3175,-0.0002475516521371901
215333,2987,-0.0027813517954200506
523950,529,-0.0018793250201269984
896993,2598,0.002785938559100032
293222,2363,-0.008874330669641495
162579,3794,-0.008574852719902992
283925,2436,0.0005824947729706764
293834,3317,0.0018976095598191023
291374,2898,0.0030920705758035183
675546,3360,0.001198108191601932
10221,3409,-0.006307491101324558
208175,3028,-0.011510074138641357
96246,1960,0.009839359670877457
36129,2135,0.0065032620914280415
747280,3267,0.0019447959493845701
231402,3499,-0.0022958831395953894
64924,3440,0.010976962745189667
536937,204,0.008545249700546265
192967,3097,-0.007042516488581896
93734,917,0.004232947248965502
681419,3635,-0.0018028529593721032
878332,3263,-0.0018275652546435595
679439,742,-0.003999036271125078
195991,3745,0.011747204698622227
890345,1222,-0.020006859675049782
798519,2753,-0.0014310552505776286
917186,3793,-0.006713356822729111
458077,1722,0.0016743571031838655
460354,2391,0.0013140314258635044
268730,1282,0.0032953578047454357
292495,326,0.004262255970388651
571906,1640,-0.009736655279994011
712606,8,-0.004362862557172775
941704,490,-0.004825620446354151
696858,1227,0.018516942858695984
68182,2692,0.007125813979655504
152953,2819,-0.003933547530323267
910291,2005,0.00838913582265377
808611,230,0.0077672493644058704
502483,3149,-0.0006275218911468983
624789,2119,0.00144135020673275
554728,1616,0.0037810734938830137
882190,3516,-0.009426741860806942
395788,3259,-0.0026378375478088856
400579,2011,-0.008649572730064392
942196,2915,0.0035282145254313946
157284,1991,-0.009476164355874062
339144,2690,-0.009487627074122429
745446,111,-0.012522104196250439
577160,2111,-0.022930903360247612
217915,3087,0.010507031343877316
434826,3684,-0.0016885113436728716
846947,950,0.00196829647757113
350477,2152,0.00417540967464447
691920,1541,-0.018759187310934067
299774,1005,-0.0027580363675951958
552485,2383,0.01459792535752058
530042,1049,-0.006827696226537228
446320,2455,-0.0003456410195212811
27243,339,-0.0005246094660833478
955238,105,-0.012263281270861626
708736,2252,-0.020600588992238045
697563,3330,0.001221410115249455
995609,3046,-0.0011491989716887474
523000,3735,0.0053880829364061356
276245,2144,0.01094274502247572
395369,2311,0.007200991734862328
480142,3877,-0.011685640551149845
356450,1566,0.003711927216500044
405280,3000,-0.003242294769734144
735631,849,-0.006095316261053085
694194,1848,-0.012363561429083347
533255,3671,-0.0018608798272907734
661256,1689,-0.0074306875467300415
560045,45,0.013191716745495796
428950,370,-0.008098546415567398
66644,332,-0.007004964165389538
29290,1100,-0.00834182184189558
907764,2279,-0.006951123476028442
107077,2840,0.0008875924395397305
863300,3502,0.0029224029276520014
505172,2312,-0.009630231186747551
95935,616,-0.00917148869484663
769503,922,0.002422942779958248
247942,2793,0.0019305554451420903
464756,3,-0.003417222760617733
403620,1883,0.000196884386241436
202402,3461,0.007862735539674759
900990,3148,4.7711015213280916e-05
239159,2707,-0.0018944237381219864
464470,2888,-0.017339646816253662
44979,125,-3.478245344012976e-05
394809,1288,0.006531628780066967
324414,2118,0.012372816912829876
734583,2634,-0.009466215968132019
923872,2469,0.016183625906705856
559438,3190,0.0004965155385434628
928167,1517,-0.009146573953330517
468910,2113,0.011638488620519638
718989,3340,-0.004526397213339806
136837,174,0.0026579415425658226
704308,3037,-0.0005871107568964362
406925,1882,0.004667388275265694
245730,1694,-0.00033841305412352085
664189,3394,-0.0030529978685081005
114074,1862,0.0007903133518993855
744495,1014,0.004401169251650572
825372,2796,-0.004761645570397377
115191,1256,0.004655761644244194
211964,1271,-0.016629571095108986
634618,2255,0.017200566828250885
217151,2369,0.0037408270873129368
217346,2921,3.6504119634628296e-05
138189,606,0.010879019275307655
976817,3468,-0.0021054635290056467
609466,3072,-0.009491119533777237
33685,2883,-0.0039109340868890285
492208,380,-0.006118435878306627
258085,942,-0.01051285769790411
710123,3476,-0.005354711785912514
26653,3298,0.010383558459579945
697543,2378,0.008439796976745129
90666,1342,0.000239061308093369
888918,353,-0.003961456008255482
70492,2716,-0.001914193737320602
202903,2253,0.002702634781599045
178931,3512,0.01753132976591587
535622,1303,0.011876501142978668
647184,43,0.013892541639506817
123818,3403,-0.002350926399230957
101353,445,-0.004678935743868351
527579,160,0.006310512311756611
950071,2041,-0.013907767832279205
211067,2353,0.012186763808131218
526377,3755,-0.0013835885329172015
261793,1374,-0.004322705790400505
754728,2553,0.0012597419554367661
731301,3243,0.008950172923505306
160814,3051,0.008711643517017365
692826,2000,-0.013280111365020275
628316,1690,0.01759498007595539
331708,3157,0.001916867564432323
532176,2315,-0.005892074201256037
593391,3075,-0.004144787788391113
98689,3452,-0.00829311367124319
537328,1746,-0.0036166280042380095
478883,2021,-5.476735532283783e-05
671256,800,-0.011457697488367558
695741,1436,0.002960297977551818
776182,378,0.00371012301184237
332722,3300,-0.007314618676900864
890367,2546,0.0024183988571166992
667752,2004,0.007518396712839603
27320,511,0.01367711927741766
648764,39,0.01415939535945654
497030,2080,0.00626411521807313
352073,2387,0.005716936197131872
393820,1096,-0.0026770238764584064
404992,289,-0.003533722832798958
963060,2732,0.0058747874572873116
84260,3133,-0.000984847778454423
573443,2609,-0.00660867802798748
351995,2350,-0.01517887320369482
930490,69,0.0043661585077643394
304527,2072,-0.0050751022063195705
209369,3271,-0.0044766319915652275
594040,3185,-0.005218563601374626
55611,1769,-0.01015608012676239
963626,2917,-0.003608175553381443
58486,2352,0.011362145654857159
509532,2521,0.003196925390511751
976734,3043,-0.017580198124051094
593044,2140,0.001089190598577261
575173,3268,0.0071488721296191216
458205,3546,-0.0013824785128235817
777272,3078,-0.005048239603638649
566156,421,0.0016823674086481333
679040,1245,0.0009907090570777655
883789,2822,-0.008180326782166958
613258,2890,0.01834898814558983
697043,784,-0.004495658911764622
634141,1936,-0.009894918650388718
270815,1866,-0.01638716273009777
912707,1377,-0.0029234501998871565
540608,1482,-0.000496136024594307
244045,3304,-0.008723363280296326
957713,2376,-0.001568701583892107
496949,32,0.007632496301084757
276096,3262,-0.00016620219685137272
566758,906,0.006193820387125015
268889,3432,-0.0034441803582012653
723353,2365,0.011163931339979172
429216,2398,0.0013078998308628798
448725,2109,0.008333934471011162
593633,3613,0.0037783298175781965
654938,3504,0.0015849415212869644
103205,3591,-0.003450736403465271
799529,2025,0.010528131388127804
543021,2024,0.011904842220246792
967092,2988,-0.0047531030140817165
490592,1488,0.0030068052001297474
805840,1243,-0.01269981823861599
976764,2418,0.0017226868076249957
764614,2735,0.0031460337340831757
328058,3699,0.003920538350939751
39547,2700,0.00216657854616642
818300,3615,0.005417014006525278
215327,3539,-0.01070973090827465
3498,195,0.02038685232400894
589596,2677,-0.0065698022954165936
298409,2970,0.0032532219775021076
270442,1370,0.003029441460967064
501306,663,-0.0014524604193866253
238155,1924,0.006214551627635956
338688,1780,-0.011672262102365494
733553,3536,-0.015407216735184193
803939,1372,0.013004847802221775
708503,2967,0.0017129501793533564
335756,3497,-0.004070283379405737
414453,952,0.0034236821811646223
579492,3177,0.006154682487249374
831668,1293,-0.0018188597168773413
300929,3316,0.007397702895104885
988378,481,0.01265476830303669
225715,2470,0.018178679049015045
875841,896,0.0031529488041996956
606233,1945,0.016994521021842957
397693,2969,-0.005652520805597305
976719,3035,0.0006031153025105596
808897,3145,-0.008272494189441204
99757,2725,0.004520408809185028
779577,1077,0.011969199404120445
418676,2123,0.005233721807599068
570251,3491,-0.007305285893380642
940321,3731,-0.007754797115921974
626586,2471,-0.011627547442913055
978382,2265,0.021232083439826965
861446,1693,0.001821268117055297
399589,186,-0.008560114540159702
571135,3179,-0.011110554449260235
835514,3742,0.00013683148426935077
557141,1619,0.006734978407621384
459646,1743,-0.003974558785557747
350106,2670,-0.0016046478413045406
726649,779,-0.015185421332716942
484009,1995,-0.008498631417751312
727139,217,-0.0070259105414152145
871239,1081,0.015472757630050182
651384,3834,0.004270319826900959
137821,944,-0.0009235083125531673
505280,2745,0.0027598144952207804
172733,1302,-0.0051978593692183495
850505,348,-0.007481353357434273
475646,1965,-0.0025013284757733345
114131,532,0.014562027528882027
964237,2926,0.0027291313745081425
929870,1425,0.007851574569940567
105469,2919,0.014102506451308727
178373,355,0.017898688092827797
96653,151,-0.0029554832726716995
777844,1545,-0.010948266834020615
319602,2929,0.007813191041350365
305200,3754,-0.003392226528376341
728902,3758,0.013486816547811031
410565,2015,-0.010072204284369946
278903,3449,-0.0021871551871299744
667762,2949,-0.003942934330552816
15044,3538,0.0015363808488473296
515263,1439,0.0007681754068471491
816622,3189,-0.0008499340619891882
788194,435,-0.007411758881062269
752044,2750,-0.009061776101589203
743441,1608,0.0004890102427452803
808753,945,-0.003344859927892685
568922,1290,0.014251833781599998
782362,3883,0.007893241010606289
291693,1971,-0.0059509570710361
449313,2641,-0.013033472932875156
341406,1606,-0.013403878547251225
4623,1301,-0.004357702564448118
140885,1371,0.003709516953676939
211047,2333,-9.638117626309395e-05
442478,341,0.012660978361964226
319226,3289,0.016405891627073288
815608,2287,0.009916340932250023
128232,2973,0.009612449444830418
684144,3370,-0.008532743901014328
774560,555,0.012915476225316525
329308,1311,0.008256382308900356
387927,2399,-0.0024909863714128733
372163,1050,0.004353867843747139
318613,3252,-0.0021255260799080133
677628,3833,0.002811033744364977
137899,978,-0.007210155483335257
675445,2120,-0.0128364572301507
124116,5,0.006839863955974579
140816,3917,0.015294942073523998
351621,2668,-0.00968223623931408
683376,233,-0.006112825125455856
776591,3238,0.005162791348993778
184147,1981,0.001067406265065074
400400,804,0.005484579596668482
276450,1962,-0.00997425988316536
488089,900,-0.009008470922708511
52537,2565,0.0033888390753418207
328444,145,0.00024098902940750122
845596,509,0.0204149279743433
129754,70,-0.010577274486422539
356988,938,-0.0055529396049678326
425234,1678,5.7973782531917095e-05
962137,2173,-0.012033088132739067
466502,3789,0.008950704708695412
262336,3545,0.010629018768668175
628166,2148,0.0033981972374022007
758850,1992,0.006782236509025097
544360,2844,0.006913590710610151
734710,3350,-0.00916589517146349
245630,1223,-0.005041105672717094
203834,931,-0.0016967925475910306
13887,474,0.0054235272109508514
370620,1253,0.005576384719461203
49618,512,-0.003056806745007634
171534,431,-0.004922070540487766
906835,2474,0.008395539596676826
360140,2501,0.02050480805337429
92774,1389,0.004827641882002354
244573,2991,0.006956384517252445
566564,549,0.001645366894081235
952108,783,0.012069270946085453
875518,2239,-0.0006982672493904829
263545,1914,-0.0077331457287073135
936480,2085,-0.0070533896796405315
686966,3802,-0.004410604014992714
890144,714,0.005230545997619629
487635,2014,0.0013011302798986435
780077,1970,0.006848656572401524
307761,1994,-0.0021590888500213623
381348,1399,0.0040541160851716995
168009,3391,-0.005422394257038832
737563,25,0.009584210813045502
286475,166,0.004794048145413399
438687,2937,0.0030402112752199173
507306,2713,-0.0038013863377273083
12054,1009,0.0012274440377950668
151298,1797,0.00723497336730361
131954,3130,0.009873130358755589
858223,244,-0.006653113756328821
565700,3505,0.007967045530676842
784886,1238,0.004660797771066427
976192,3438,-0.019083822146058083
966732,1130,-0.001557239331305027
818344,2770,0.0022410324309021235
892885,249,-0.0015484080649912357
759075,3610,0.003106349613517523
91284,3510,-0.009389623068273067
637410,3129,-0.005796822253614664
196181,1590,0.009469950571656227
764074,3509,0.008146649226546288
919957,2243,-0.021239059045910835
858961,3500,0.0052009462378919125
893456,1788,-0.00315562030300498
47429,3274,-0.003803426865488291
140847,213,-0.0028478435706347227
616189,2301,-0.01107444055378437
949982,3334,0.0001624829601496458
663620,2790,-0.0031550792045891285
12864,3646,-0.008955835364758968
286266,2151,0.0004841311019845307
841050,229,-0.0076172687113285065
576830,1457,-0.0024688453413546085
763088,2616,-0.00617777556180954
482331,270,0.005839244928210974
47441,1821,0.00222922395914793
89207,263,0.009163694456219673
206848,3857,0.0001077351626008749
321404,1025,-0.0001798794837668538
260370,410,-0.00301324762403965
42221,2070,0.006404059007763863
831467,2091,-0.0022537019103765488
199396,1129,0.0055875713005661964
392647,2974,-0.005512526258826256
315902,2696,-0.0013036559103056788
964113,2506,-0.009636309929192066
330601,3901,0.004038658924400806
586369,1681,-0.006203267257660627
20976,2100,-0.01352698914706707
874214,2808,-0.003591693239286542
438716,728,-0.0007455137674696743
730892,2645,0.007193357218056917
279970,1043,-0.0106961065903306
175351,1635,0.00106732954736799
699087,2435,0.0004403253551572561
303851,223,0.002535140374675393
940246,117,0.005822745151817799
57768,3341,-0.010258248075842857
158214,803,0.004451030865311623
574091,3629,-0.0007079200004227459
242063,3943,0.006457397248595953
783757,1186,-0.010475287213921547
384634,3201,-0.009743843227624893
78900,954,-0.003910369239747524
259328,3098,0.013166991993784904
577929,1346,-0.013235790655016899
23097,2629,0.0018630120903253555
613756,89,-0.011769700795412064
281219,2836,0.011739556677639484
465890,3786,0.005130387842655182
681787,52,-0.006565957795828581
156402,2050,0.0026006679981946945
136030,2117,-0.003157994244247675
381274,2801,0.0028616152703762054
664118,1589,-0.004360741935670376
631743,2581,-0.007664838805794716
731648,1772,-0.0021229228004813194
154639,2721,-0.01275905966758728
925960,2902,0.0005798256024718285
92673,3018,-0.009426109492778778
744533,517,-0.00016895437147468328
327549,910,0.012076307088136673
975670,308,-0.011557906866073608
936188,1907,-0.005356962326914072
634680,2290,-0.008315538987517357
275739,3729,0.002826487645506859
622230,2373,-0.012756028212606907
331620,2141,0.006912354379892349
145784,610,0.0039417254738509655
18919,3020,-0.00394856883212924
907869,168,-0.004102188162505627
851589,2121,0.008204897865653038
844194,745,0.004165982361882925
497039,2231,-0.007626092992722988
773172,220,0.008547529578208923
739619,3741,7.965974509716034e-05
781726,2693,-0.002942140679806471
543097,3225,-0.0022921799682080746
102580,3703,-0.003713558427989483
373985,1885,0.0031447294168174267
148243,3448,0.01708289422094822
571612,1783,0.006001296918839216
619975,839,-0.002769369864836335
190377,781,0.0007620809483341873
236762,1968,-0.0011345278471708298
814450,1264,-0.003212258219718933
358367,1289,-0.00328130554407835
358418,1677,-0.004121905192732811
763732,2073,0.0019986717961728573
233161,163,0.002390555338934064
61045,2996,0.006976459175348282
480365,2027,-0.001165461027994752
932647,2278,0.016341863200068474
45858,891,-0.005180663429200649
964526,892,-0.008698299527168274
350759,2530,-0.010646846145391464
685427,1007,-0.018697591498494148
93916,3914,0.005960277747362852
864420,2617,-0.0023673376999795437
745319,426,-0.017492298036813736
653220,210,-0.0011800505453720689
621257,2338,0.0024808889720588923
921350,2410,-0.003208130830898881
344097,3865,-0.00177354970946908
508810,1974,0.004921304527670145
865427,388,-0.00040239712689071894
989041,2458,-0.0016867828089743853
754063,1918,0.0019542332738637924
325689,3788,0.004791812505573034
308946,2932,0.002924656495451927
430303,920,0.021152278408408165
961217,1515,-0.009054765105247498
385879,3436,0.012540839612483978
307967,1845,0.0124397287145257
962444,1127,-0.005298261065036058
312457,1948,-0.002838839776813984
719226,2861,-0.0059081981889903545
670876,3168,-0.018902355805039406
527837,2476,0.001780586433596909
868550,7,0.0038083174731582403
265685,276,-0.0038489033468067646
505053,3412,0.0005759967025369406
287603,1483,-0.0015612572897225618
971192,3244,-0.004981969948858023
122975,3712,0.002057864097878337
368489,1016,0.00030189461540430784
691256,1114,-0.004365347791463137
487024,3694,-0.026269234716892242
981571,303,-0.004232961684465408
363531,2034,-0.005229267291724682
357991,3831,-0.0065416814759373665
117340,788,0.006342155858874321
308314,1419,-0.00562814436852932
287144,2150,0.00596180185675621
604173,468,0.011294258758425713
721486,1753,-0.005565951578319073
473773,874,0.0026579417753964663
263378,2169,-0.015316212549805641
875858,590,0.005464011803269386
753792,2939,0.009891015477478504
200412,3397,0.00040203635580837727
275895,282,0.011771611869335175
111031,3705,-0.006859182845801115
315938,3113,0.012705155648291111
395591,2184,-0.014084055088460445
46725,905,-0.009274453856050968
948561,420,-0.01230429857969284
714003,107,0.009489743039011955
361943,520,0.004379867110401392
727756,2709,-0.007107869256287813
257905,3707,0.00010427716188132763
473060,2995,-0.00430991780012846
629453,1327,0.002967084525153041
370527,1707,9.533562115393579e-05
338096,3678,0.012780427932739258
170154,1375,1.3939570635557175e-06
399830,3825,0.007701199501752853
555949,3706,-0.001916650915518403
711101,901,0.008950739167630672
888365,720,0.0001923379022628069
183709,3296,0.005760248750448227
1826,1601,-0.010768415406346321
775713,2924,-0.012910071760416031
849276,3655,-0.0076061999425292015
736226,3844,0.00422420259565115
7095,1091,-0.006348734721541405
891863,2682,-0.010600614361464977
998766,993,0.007962606847286224
954970,1964,-0.008811482228338718
24327,2544,-0.0031199243385344744
629452,1326,-0.010960668325424194
396502,494,-0.0033185724169015884
917173,1362,-0.0075344303622841835
865239,2877,-0.0009994651190936565
669478,1335,-0.014343217015266418
470930,2829,-0.01675966940820217
52486,3159,0.021275589242577553
614860,3359,0.00803646631538868
177983,2622,-0.01771269179880619
617397,2422,0.000793869374319911
991191,3167,0.0003418377600610256
545262,3450,-0.00014253018889576197
693983,2532,-0.020329929888248444
774655,493,0.002682812511920929
907105,3723,0.015719836577773094
980394,3086,0.002834143117070198
545521,331,-0.007125174161046743
505785,1431,-0.0008092005737125874
593954,1388,-0.00610567070543766
913479,534,-0.010361505672335625
98667,3430,0.004793310072273016
419288,1367,-0.007714387029409409
126841,1805,-0.0032226506154984236
933091,725,-0.0033987306524068117
640141,3701,-0.008398930542171001
443678,3045,0.005090991500765085
961640,1660,0.006770277861505747
60596,951,0.011141497641801834
961660,1687,0.008090873248875141
241538,2010,-0.012974007986485958
272770,2642,-0.009048618376255035
861360,2551,-0.006474107503890991
373397,3639,-0.0005340026691555977
788442,1460,0.009119108319282532
341519,3633,0.012498910538852215
451282,88,-0.00898292288184166
350512,3937,0.0074828616343438625
149404,3566,0.0058509549126029015
695794,2403,-0.01032395288348198
929598,2349,-0.011209284886717796
512024,1241,0.010229919105768204
626176,2600,-0.013459056615829468
551092,2058,-0.017272774130105972
509280,3577,-0.012465945445001125
974420,3556,0.0011221910826861858
329954,1639,0.0011006765998899937
787430,1011,-0.014806987717747688
588035,3198,-0.013491147197782993
99138,2017,-0.0025939650367945433
295212,2627,0.010103008709847927
92367,31,0.005842661950737238
265656,259,-0.004583459347486496
489324,2908,0.011302325874567032
716821,519,0.003675625193864107
294712,2989,-3.411923535168171e-05
20537,3860,0.00693309772759676
693001,1835,0.005081594455987215
547869,3425,-0.0027170786634087563
732672,1357,0.0013388404622673988
621252,2186,0.004064500797539949
386899,3799,-0.004685920663177967
135497,2625,-0.0005283216014504433
179973,2802,0.0007526550907641649
206069,501,0.00469780620187521
642451,3055,0.003759837942197919
247553,3265,-0.001738732447847724
833988,2672,-0.004683979786932468
787549,1686,-0.003800400299951434
538545,2177,0.008996829390525818
815506,2531,-0.0001817249576561153
725527,2900,0.003109251381829381
400494,171,-0.0016712779179215431
112193,1411,0.013099155388772488
484679,1030,-0.013091797940433025
904221,2176,-0.00976516678929329
741601,444,0.001153823104687035
635569,2375,0.005566888023167849
833184,2019,-0.008753255009651184
727043,2331,-0.006086107809096575
287697,461,-0.004849047865718603
657980,3117,0.01638801395893097
820771,2362,-0.005409894976764917
964072,685,0.00029078300576657057
158427,1596,-0.006117139011621475
433743,2734,0.014900910668075085
770616,1059,0.005002308636903763
441092,3534,0.0064118895679712296
439779,1476,-0.0005971831269562244
57463,3270,-0.008788643404841423
359586,507,0.007731069810688496
621661,216,-0.00017742090858519077
952451,222,-0.01219184324145317
222782,1012,-0.002910429146140814
203177,3328,0.007384216412901878
460328,1385,-0.0005594886606559157
375193,1004,0.006640597712248564
34690,988,-0.0014744173968210816
223954,1249,-0.0037524281069636345
996087,2839,0.004427894949913025
674614,3093,0.0005454452475532889
545683,3836,0.020987963303923607
285520,1972,-0.015379070304334164
10391,3451,0.010353424586355686
564987,2125,-0.005848700646311045
354704,1468,0.01429542526602745
514307,2859,-0.0014570652274414897
414848,1099,-0.007005399093031883
208866,1734,-0.009801427833735943
323973,1932,-0.0015837610699236393
973134,1913,0.00885617546737194
546111,2187,-0.006370046641677618
361639,1190,0.00039987824857234955
449442,165,0.008117017336189747
778438,1082,0.003290934022516012
879350,492,-0.0017246929928660393
931074,2789,0.0008744074148125947
955397,838,0.002527403412386775
285829,3553,0.0040978635661304
150209,2389,-0.0021740528754889965
144538,3307,0.0035035221371799707
328066,489,0.0025098235346376896
757877,3385,0.009146416559815407
901777,926,0.0038279094733297825
659655,3726,-0.002543197013437748
727555,330,-0.010395937599241734
645313,3110,-0.011766934767365456
536112,2379,-0.004373171366751194
271377,731,-0.006752396002411842
86099,611,0.009297532960772514
837096,3581,-0.004685615189373493
559191,562,-0.004526164382696152
227552,1801,0.01155059039592743
29904,3392,0.008774258196353912
388653,373,-0.004363980144262314
456458,801,0.008926065638661385
85360,531,-0.006905537098646164
133452,3302,7.063258090056479e-05
420254,3120,0.0011120628332719207
478658,147,-0.0006668043788522482
374319,1929,-0.0016927543329074979
847229,1347,0.006077193189412355
663615,1986,0.017668988555669785
379300,1449,-0.007921013981103897
247623,3660,-0.01567458175122738
383532,2049,0.0011188057251274586
403831,558,-0.006036373786628246
897714,1605,-0.005476552061736584
810999,1458,0.0008385404944419861
153050,1334,-0.0035460959188640118
681654,3365,0.002596586477011442
22789,3916,-0.01288506668061018
229482,552,-0.01389675959944725
449256,3029,0.0030111472588032484
230617,177,-0.012318574823439121
768043,252,-0.0005268052336759865
805397,3524,-0.009964370168745518
204189,2794,-0.014058130793273449
820616,1554,-0.004172429442405701
760131,2841,0.00017731240950524807
757370,1984,0.0023238318972289562
269758,3249,-0.009640369564294815
917589,3068,0.00347333075478673
501553,3903,0.002364878077059984
246470,2767,-0.006260565482079983
276879,2818,0.0049886018969118595
214179,1993,-0.001860783901065588
410431,3811,0.009415402077138424
604537,48,0.004769166000187397
773953,372,0.0058218250051140785
529629,3806,-0.013803426176309586
691799,3672,0.0025268089957535267
165778,1199,-0.00051107257604599
529171,2346,2.5852961698547006e-05
336546,3923,-0.008289817720651627
860498,2948,0.0023746949154883623
108189,1916,-0.006333066616207361
976803,2497,-0.0035651917569339275
486646,2153,-0.0035224470775574446
752461,62,0.0016454958822578192
791638,735,-0.003225562162697315
865970,361,0.00019233673810958862
995329,1752,0.009350252337753773
364840,1711,0.007561404258012772
249159,1473,-0.005528224166482687
406608,1785,-0.008964087814092636
508473,2421,-0.004797292873263359
184475,2935,-0.00047181110130622983
803070,1015,-0.004989669658243656
234040,1128,-0.008586003445088863
279243,1187,-0.002211296930909157
235588,3882,-0.011348754167556763
357115,1251,0.010864107869565487
482080,1209,0.011077719740569592
564621,300,0.004699271637946367
550802,3146,0.004890832584351301
700059,1024,-0.009646009653806686
865291,3111,0.0029684866312891245
251956,3571,0.013053113594651222
315747,3926,-0.009972130879759789
881356,3320,-0.005968436133116484
199595,1008,-0.005037474911659956
719052,1055,0.01829913817346096
645208,423,-0.01397157832980156
248139,3197,-0.000793572748079896
804407,3915,-0.00778571330010891
822095,1131,-0.0007204366847872734
234027,2851,-0.009983588941395283
979578,1650,0.008481372147798538
707559,504,0.00738182757049799
727749,135,0.005938255228102207
290222,806,0.006908693350851536
524962,1758,-0.004819628316909075
70843,2374,0.0010465455707162619
128082,3565,-8.35732207633555e-05
719750,933,-0.016809748485684395
690199,3801,-0.009527763351798058
419012,516,0.0007656256784684956
169009,2724,0.01459646038711071
784676,1826,-0.003666514065116644
144196,2505,-0.00567688699811697
183274,104,0.005635068751871586
853807,3115,-0.002767343306913972
377222,1135,-0.002202773466706276
916768,352,0.009763233363628387
395230,1937,-0.012159721925854683
222350,3457,0.004924881272017956
944440,2448,0.002371777780354023
794041,314,0.0049136364832520485
234147,2316,0.005551030393689871
466779,3674,0.03112255223095417
879863,2104,-0.010027785785496235
860294,414,0.005746460985392332
228526,2906,-0.00038193631917238235
272499,3822,-0.0002534578088670969
154962,3513,0.011575208976864815
695583,613,0.0015025940956547856
375560,3669,0.0075323451310396194
93834,1713,0.009746368043124676
870217,333,-0.002045641653239727
992770,2016,-0.0016275383532047272
396800,2288,-0.005880602635443211
610896,2430,0.0014844259712845087
740773,747,-0.008486326783895493
1297,1563,-0.00618444848805666
532215,1702,0.01744210347533226
528571,2757,0.012136492878198624
781757,2335,0.005166436079889536
269677,3041,0.009096031077206135
570032,2803,0.017801672220230103
524798,2624,0.008590604178607464
667566,2523,0.005589251406490803
764551,2377,0.000638855854049325
599538,393,-0.0032899915240705013
409807,1037,-5.5024283938109875e-05
807108,914,-0.004313972312957048
312406,1588,0.0026031662710011005
118666,2453,0.009920752607285976
361473,203,-0.0009253351017832756
565011,2340,0.004544682335108519
920257,594,-0.008034185506403446
22195,2719,0.011331184767186642
774741,2517,-0.0028059082105755806
941667,407,0.004725305363535881
193833,2736,-0.013011902570724487
777305,302,-0.006948910187929869
696404,3126,-0.005747676827013493
86777,3387,-0.0038029144052416086
663406,2660,0.001094996347092092
319441,3329,0.0117197185754776
133575,1415,-0.02153056487441063
217360,3590,-0.007389765232801437
960361,2976,0.009175925515592098
131760,1643,-0.004699819255620241
99374,2006,-0.012062969617545605
97895,1567,-0.0026184776797890663
153844,3030,-0.015927741304039955
316281,691,-0.009582296013832092
616092,225,-0.0018924737814813852
823551,2359,-0.010456635616719723
184384,1504,0.0002624884364195168
623210,786,0.016633210703730583
499960,3869,0.013740398921072483
382231,3069,-0.012168561108410358
565609,830,0.005436002276837826
743527,866,-0.014293931424617767
805780,1956,0.022056229412555695
560573,2867,-0.004103809595108032
359097,1350,0.003741784952580929
404797,542,-0.01831754669547081
93722,2086,0.013808324933052063
168522,877,-0.004628882743418217
125268,2244,0.009483741596341133
768932,2203,-0.004692221991717815
537655,4,0.003924574702978134
364696,280,-0.003013542853295803
154914,875,-0.010814931243658066
492532,3091,0.012914896942675114
136628,692,-0.0030295809265226126
410434,3675,0.005966846365481615
483920,1887,-0.013958044350147247
54090,543,-0.007828718982636929
330365,799,-0.017175158485770226
635421,837,0.015954406931996346
611035,1120,-0.009732170030474663
933604,354,-0.0020259576849639416
485094,2171,-0.0007248676847666502
288214,2638,0.002577723702415824
771569,1950,0.011095619760453701
80368,2752,0.00018271873705089092
212835,258,-0.009803534485399723
537297,2381,0.015245460905134678
247396,1032,0.011871065944433212
987495,1498,-0.0015223459340631962
36766,473,-0.002512927632778883
638080,466,-0.008470650762319565
156450,1410,-0.003327491693198681
490876,149,-0.013516256585717201
315295,2163,0.00018703495152294636
261010,144,0.011425530537962914
739811,3804,-0.008939222432672977
94453,2090,-0.01645553484559059
763186,1021,-0.008347800001502037
147744,1176,0.0022258805111050606
255038,3429,-0.010990203358232975
348672,2771,-0.0060803890228271484
787166,2114,0.004810667596757412
574030,1042,-0.015281368978321552
229788,2022,0.0003007417544722557
184093,2722,0.0008342537330463529
772755,1966,-0.0034703160636126995
987661,1675,-0.007805684581398964
232581,2704,-0.0022715087980031967
684941,1459,0.001964034978300333
42674,902,-0.013947924599051476
390404,805,-0.0028810459189116955
319383,2178,0.0005839564837515354
12717,2644,0.0072189620696008205
297272,1432,-0.008791815489530563
564907,1064,-0.005107576958835125
764053,3180,0.0022746482864022255
912211,2206,-0.00451459689065814
31000,2181,0.010893523693084717
183180,3824,-0.01432498637586832
499354,450,-0.009396364912390709
269976,829,-0.013648671098053455
93114,3783,-0.004800768569111824
948666,2031,0.003751062322407961
756230,673,0.004866449162364006
24530,3747,-0.0013266510795801878
926344,3562,0.005828891880810261
562379,766,-0.0015114834532141685
713165,3152,0.0027930699288845062
183710,231,-0.013970036059617996
767647,2488,-0.000297443475574255
824899,2166,0.004642368759959936
426401,2465,0.006240740418434143
231053,3285,-0.005022036377340555
263511,2552,-0.018241483718156815
61706,3102,-0.0027469119522720575
552049,2249,0.006830896250903606
967441,118,0.0071960631757974625
582074,1884,-0.007976684719324112
124039,2953,-0.01027167122811079
691695,1824,-0.006676469463855028
251101,236,-0.004233662970364094
954867,2132,-0.007029966451227665
41102,3933,0.0019527798285707831
844431,3700,0.01116547267884016
317703,3863,-0.003002652432769537
683769,2260,0.003210843075066805
655602,3406,0.003808248322457075
479083,3004,-0.014701812528073788
182972,2056,-0.010842813178896904
188141,3951,0.015634488314390182
964325,2241,0.0061988309025764465
200504,1873,0.00868837907910347
165703,3012,0.004896122962236404
149912,551,0.012331382371485233
638387,1756,-0.017432700842618942
9833,277,0.012213964946568012
582650,3426,-0.0022599115036427975
416535,446,0.008109253831207752
253235,2066,0.003996763378381729
963953,1860,-0.006035619881004095
690433,3487,-0.0029635499231517315
564205,2445,-0.004205960314720869
763837,3422,-0.007695433218032122
677487,1344,0.004391276277601719
164988,705,-0.0016115583712235093
288090,239,-0.0034969530533999205
908094,1564,0.002427890431135893
469191,3498,-0.007059844676405191
250841,2920,-0.006862015929073095
178624,1147,-0.004203468095511198
661329,2348,-0.0072987559251487255
318716,35,-0.004494255408644676
809263,2055,0.0047864168882369995
156495,2240,-0.01217896118760109
681868,1083,0.017634781077504158
615723,2522,0.0017355827149003744
409168,3819,-0.001598284114152193
714408,2475,-0.01690937951207161
751536,1126,0.004082432948052883
928749,2145,-0.0058667585253715515
201746,1002,-0.015321175567805767
604406,1760,0.007774622179567814
306638,3327,-0.01146857999265194
665628,1445,-0.0004775174893438816
78403,2834,0.002920534461736679
649787,2107,-0.000512746162712574
314833,9,-0.007059662602841854
501327,1503,-0.004679580684751272
974850,3022,0.0071701472625136375
277539,2806,0.012610931880772114
481277,3214,0.007338155526667833
782918,1897,-0.0029376966413110495
132491,2155,-0.00032120500691235065
848163,3873,0.0011259429156780243
940795,2507,-0.009270502254366875
495697,1592,-0.0030364645645022392
546092,1192,-0.0070826285518705845
515400,409,0.008482891134917736
904428,1701,-0.006728213280439377
882109,1132,-0.008957390673458576
861895,123,-0.0024398656096309423
813818,2009,-0.004967990797013044
633603,3710,0.005059053190052509
605794,2134,-0.004216506611555815
211228,175,0.007339442148804665
822563,1178,-0.00262271286919713
974592,412,0.0008284351788461208
18811,2862,0.01315490435808897
158490,1919,-0.011546041816473007
529445,3211,-0.003752161283046007
102157,430,-0.00021024473244324327
95258,2051,-0.007014556787908077
29479,2689,0.00541226752102375
493823,1620,0.005897273775190115
546047,1892,-0.005071799736469984
290331,2511,-0.0012736947974190116
248650,3061,-0.010566957294940948
644657,1355,-0.0033325760159641504
117353,3219,0.006135080475360155
376352,1881,0.007062944583594799
277926,328,0.010233876295387745
804543,154,-0.00020209979265928268
720763,42,0.0020505127031356096
537704,762,0.0013108097482472658
145692,1297,-0.00046540150651708245
774277,2110,0.007757279556244612
243882,3661,-0.0016705458983778954
696339,3884,0.0028701957780867815
674605,3074,-0.004433080554008484
325961,585,0.015054707415401936
183103,2611,-0.00162555614951998
282544,2443,-0.0013077990151941776
851763,376,-0.009162947535514832
22489,3355,-0.003036923473700881
397240,2784,0.00569250388070941
415830,2568,0.006418630480766296
971600,2574,0.004368857480585575
908208,1236,0.014639420434832573
356527,15,0.0035486186388880014
566793,1542,-0.00966794602572918
766998,131,0.007903756573796272
714847,565,0.004271971061825752
807904,3011,0.004771689884364605
46860,1938,-0.01649893820285797
232019,2573,-0.003775893710553646
924767,3275,-0.00016992888413369656
527904,3585,0.009472500532865524
720009,1104,-0.0029278083238750696
240259,2524,0.008244328200817108
949697,3165,-0.0080381128937006
852164,568,-0.011524029076099396
945822,2856,-0.0034354913514107466
792080,1144,0.00380624458193779
808241,1771,-0.009955095127224922
805799,363,-0.009592236019670963
681792,2936,-0.007144632749259472
261582,1461,-0.0010486360406503081
999998,334,0.0027415112126618624
998743,2434,-0.006903081201016903
401068,3576,0.005373411811888218
914127,247,0.004443565383553505
184211,3934,0.005771522410213947
175842,79,-0.004600122570991516
628026,3821,-0.0054066977463662624
522647,1381,-0.0028858385048806667
999073,3572,0.011398582719266415
323532,366,-0.00898751337081194
578417,2322,0.008594545535743237
682474,678,0.0009914145339280367
861419,3206,-0.009228126145899296
420328,538,0.0030725570395588875
871783,2731,0.002183628035709262
870444,3649,0.005545765161514282
821547,2437,-0.0007163426489569247
60692,3357,-0.0011126066092401743
440500,1006,-0.018653113394975662
894168,2885,0.0032684230245649815
767039,2007,0.005554688163101673
909714,24,-0.0026674934197217226
897970,1300,-0.012456263415515423
422260,2357,-0.002733474364504218
386410,2575,0.0031862647738307714
899733,3746,0.006180796772241592
912664,3605,-0.014799794182181358
955689,73,-0.018160805106163025
634798,3618,0.011802053079009056
294718,1257,0.0013854174176231027
514092,707,-0.0032021563965827227
50539,1281,0.004779395647346973
893114,386,0.008226733654737473
217987,3814,-0.0001395130529999733
244263,3902,-0.009337433613836765
429248,3525,0.008992337621748447
638931,2297,-0.004371760878711939
163749,1875,0.011407814919948578
94459,1654,0.005284320563077927
736371,2439,0.003021444659680128
610239,2612,-0.00669218972325325
201650,106,-0.006498496048152447
581044,1046,0.01833457499742508
896412,2057,-0.011320536956191063
747193,369,-0.007501725107431412
604006,1489,0.0038428143598139286
343581,3467,6.142607890069485e-05
71981,451,-0.007243527099490166
580691,77,-0.00539212953299284
644552,3483,-0.006869565229862928
284821,3812,-0.0016629998572170734
660208,313,-0.002637199591845274
36641,1973,-0.010347703471779823
295561,3254,0.0002739934716373682
629449,1323,0.004446374252438545
163708,206,-0.0036505870521068573
492041,453,-0.006551988422870636
691440,1051,0.0013865823857486248
998570,870,-0.007261359132826328
691369,159,-0.009457161650061607
986084,1013,0.0051068514585494995
725159,2459,0.0005964854499325156
470743,2318,-0.0008483331184834242
726658,2266,0.01734106056392193
286481,2943,0.010310837998986244
248409,3156,0.010452615097165108
961459,74,0.001035996014252305
485986,3453,0.00553756020963192
889209,427,-0.0049458639696240425
317568,1670,0.0102331368252635
674389,1951,-0.0024839977268129587
433468,3036,-0.0027295416221022606
247506,2408,-0.005115931387990713
360734,472,0.003735220292583108
548189,2983,-0.004035844001919031
661215,743,0.00028870865935459733
644778,1902,0.007400410249829292
470414,2310,0.00883080530911684
152296,631,-0.000729161431081593
249841,615,-0.0059317853301763535
966824,1507,-0.009401755407452583
554613,3713,-0.009284977801144123
837896,425,-0.013250520452857018
455591,2971,-0.01595756597816944
169773,994,-0.008109466172754765
275977,1273,-0.0029092556796967983
680560,3434,0.01906936801970005
990688,3134,0.006468035280704498
696994,2223,-0.012809449806809425
887778,2504,-0.011889374814927578
153622,2442,0.008011904545128345
97061,2160,-0.013461550697684288
80616,1069,0.0025494282599538565
867629,2965,0.015139227733016014
19802,1295,0.00043649671715684235
190570,990,-0.006041928194463253
59989,81,0.0016977093182504177
707074,3169,0.004480177536606789
223122,522,0.010172074660658836
900806,55,-0.01367341261357069
223047,3823,-0.011041335761547089
673692,3586,0.009945514611899853
40357,2540,-0.003171872114762664
202468,476,0.008018567226827145
688472,3773,-0.007428651209920645
86262,3725,-0.0063940538093447685
627956,2514,-0.0015833837678655982
304718,3264,0.01039807591587305
538427,3444,0.009121664799749851
293671,2664,0.01348040159791708
626503,3066,-0.0018611595733091235
529657,3681,0.009609777480363846
754779,3587,-0.0028073140420019627
139920,232,-0.003045008983463049
734593,413,-0.007654743269085884
654304,3535,-0.0050757573917508125
575389,848,0.007377497851848602
157791,2272,0.0051174405962228775
61327,1795,0.0014180514262989163
961028,2494,0.0025026921648532152
409692,880,-0.0002951215719804168
705943,2799,-0.002670027781277895
404193,3893,-0.013252800330519676
721465,3308,-0.011434146203100681
657206,2780,0.00460051279515028
351598,2656,-0.00896461121737957
781061,2457,-0.018927190452814102
157390,564,-0.014594770036637783
986040,3367,-0.021510081365704536
241181,2101,0.02300666645169258
702465,3543,0.00013537995982915163
868887,1353,0.012061069719493389
438549,946,-0.008856255561113358
698050,921,-0.013023852370679379
563595,2412,-0.001779235783033073
295024,1799,-0.003969522193074226
509173,1979,0.001621104427613318
155330,2891,0.0025661797262728214
694127,3781,-0.0005856546922586858
742550,2099,-0.0031174931209534407
16239,1352,-0.009742742404341698
739231,2196,-0.0009407112374901772
380918,2741,-0.0010385361965745687
914139,290,0.007314514834433794
534176,3540,-0.0035430253483355045
825696,1277,0.007896496914327145
310454,3759,-0.012028951197862625
743697,929,-0.013540149666368961
508814,508,-0.005817824508994818
290571,3733,-0.022543054074048996
634626,928,-0.015980834141373634
74657,1669,-0.00712224654853344
411647,14,0.0036952521186321974
804399,3906,-0.006951982621103525
804018,959,-0.005835697986185551
276623,3054,-0.004701373167335987
371102,2597,0.0008826186531223357
327765,2615,0.0034658643417060375
283777,3015,-0.00034576281905174255
676854,2083,0.001630608574487269
238293,2782,-0.0005432106554508209
373546,172,-0.007848849520087242
680135,360,-0.009153801947832108
883516,2768,-0.0010800163727253675
956434,1730,-0.005237980280071497
186912,1863,-0.0018188401591032743
827799,2069,-0.0017760440241545439
607916,2492,-0.003911579959094524
388942,3692,-0.0005932986969128251
201727,319,-0.0037898034788668156
142837,3946,-0.004702347796410322
553715,1600,-0.0018183996435254812
415060,3849,0.007813911885023117
514828,1855,-0.002236276865005493
783732,3094,-0.003329099388793111
579224,1898,-0.005109015386551619
461172,556,-0.0009968080557882786
150361,1422,-0.006267304997891188
210055,3299,0.0003102265764027834
527091,2714,0.006704199593514204
645121,966,0.01118837483227253
697123,1642,-0.003524819388985634
239310,3715,-0.008483121171593666
436200,971,0.0016333602834492922
744966,2520,-0.0060478756204247475
646544,940,0.005825295578688383
683369,1836,0.010111944749951363
898723,1980,0.0014868448488414288
279360,3112,-0.014328477904200554
328555,3399,-0.00026175298262387514
28123,1827,-0.004705487750470638
592318,1286,-0.010355769656598568
909985,1939,0.00585475517436862
105916,998,0.011155245825648308
88693,3040,-0.006497098132967949
570247,2816,-0.0011619399301707745
621362,1977,-0.0023729901295155287
869919,2071,-0.003766220761463046
133425,3626,0.016457203775644302
833316,2491,0.008937695994973183
665322,2774,-0.0005410043522715569
138165,1124,0.004006468690931797
850684,1365,0.014063270762562752
856377,1495,-0.008602701127529144
172255,2048,0.007814355194568634
887602,1934,0.012991918250918388
208338,2351,0.0038043975364416838
45160,842,0.019432924687862396
58071,237,0.005954861640930176
747083,295,-0.01006718073040247
98719,279,0.000503266230225563
675910,2652,0.0009312587208114564
648013,1438,-0.012612717226147652
931936,1996,0.0031065004877746105
280845,652,-0.006646435707807541
153780,3286,0.0037569955457001925
539899,3871,-0.006731783971190453
419864,3501,0.0016958997584879398
354069,609,0.006860852241516113
717172,828,-0.01792338863015175
345572,2035,0.009527224116027355
696525,3199,0.00952222291380167
81592,416,-0.004882879555225372
769525,1931,-0.005780776962637901
772257,3038,0.016617588698863983
985923,1332,-0.0027942012529820204
239726,2286,0.00037398701533675194
354973,2325,0.005229354370385408
26236,1416,0.009996745735406876
303659,1999,0.007580698002129793
696030,1844,0.0015677718911319971
573343,3784,-0.007109496742486954
695579,452,0.00016265874728560448
830690,943,-0.0009154376457445323
277542,3466,0.019100548699498177
443696,3063,-0.005915849003940821
959117,521,0.014245816506445408
443939,1794,-0.002570034470409155
492763,688,-0.009390538558363914
227062,2817,-0.00848622340708971
807025,41,0.0004053765442222357
759924,2614,-0.009937457740306854
678397,2846,0.00018090030062012374
783254,3445,-0.002876709681004286
589183,305,0.001380064757540822
685081,1581,0.0023546675220131874
980762,775,0.002890692325308919
632904,2245,0.00459405779838562
794579,1571,0.005693222861737013
112184,2208,-0.0030818921513855457
154126,3909,0.00839014071971178
113513,2026,0.006006668321788311
346322,1926,-0.010541044175624847
866377,2060,0.004020435269922018
696424,1531,0.005500483326613903
232769,1806,-0.006655446719378233
150762,3557,-0.0028205413836985826
46909,3736,0.005471380427479744
758167,2236,0.0001092276070266962
164314,2446,-0.015983324497938156
638078,463,-0.0024121233727782965
637790,3230,0.006786901503801346
175816,2798,-0.015933573246002197
615817,2772,0.00758012430742383
131789,207,0.0011802338995039463
404685,2587,-0.0020883604884147644
546605,574,0.009351974353194237
628212,3550,0.012973329052329063
655612,458,0.011087295599281788
524587,722,-0.007418996654450893
29432,1615,0.004164312966167927
57895,1442,-0.02930932492017746
752875,964,-0.008690486662089825
373177,3835,0.019789887592196465
290439,1922,-0.004255835898220539
696945,2200,0.005178921855986118
916504,3349,-0.012028423137962818
660012,2202,0.011566958390176296
162582,2404,0.011524222791194916
46448,1688,-0.004160731099545956
298932,2095,-0.021116066724061966
829327,3771,0.005202572792768478
5472,1463,0.007752789184451103
831628,1216,0.006173033267259598
387333,139,0.003046449040994048
552004,3024,-0.0037770483177155256
957826,2845,0.006186298094689846
51080,835,0.0016755638644099236
790282,1454,-0.017759881913661957
556127,3764,-0.002972991205751896
506099,3912,-0.005625710356980562
696674,3559,-0.004316730424761772
674534,2037,0.003749631345272064
395052,948,0.006935565732419491
63719,2361,0.017021305859088898
714115,183,0.003341586794704199
28456,2880,0.005552032962441444
638978,2483,0.012395885773003101
492443,2084,-0.0009282574756070971
636083,2082,0.003514373442158103
907563,1474,-0.014533843845129013
322921,2461,-0.008792620152235031
264014,60,0.006269237957894802
172631,650,0.004239950329065323
591835,2495,-0.00895390473306179
211380,2928,0.012755989097058773
201627,2503,-0.0016309204511344433
7388,3930,-0.01710781268775463
743756,2460,0.009806775487959385
522896,1018,-0.0027153296396136284
318889,1471,0.010812429711222649
107477,3940,-0.007301305420696735
746748,2303,-0.012189386412501335
396602,3073,0.003011123277246952
272478,3949,-0.01295830961316824
484886,999,-0.0007225042209029198
102025,984,0.009332813322544098
862176,3373,0.005393944680690765
667727,57,0.0038610934279859066
861695,1895,-0.0020491371396929026
820636,1946,-0.001725651090964675
782824,3690,0.00016692490316927433
298920,3017,-0.007561927195638418
201806,3584,-0.0008860912639647722
805014,704,-0.0013772426173090935
585097,2493,-0.012495890259742737
632672,2922,0.003745502093806863
570992,3616,-0.0008768892148509622
725843,2653,0.004580785986036062
465718,3310,3.6969780921936035e-05
343550,1665,0.0070298840291798115
633740,3766,0.007776754908263683
925618,2232,-0.002543843351304531
834686,1829,-0.007470062933862209
766536,2472,-0.0071735018864274025
569388,3519,-0.01268650870770216
324552,16,-0.005281304940581322
211222,312,0.007338389754295349
290869,2264,0.006928721908479929
25290,3921,-0.00832062866538763
575070,2089,0.0029238215647637844
714150,3708,0.0018362677656114101
843960,3124,-0.011137694120407104
95325,798,-0.009247138164937496
595568,28,0.0010833085980266333
69144,84,0.020804692059755325
746543,869,0.004552921280264854
245181,2941,-5.4149015340954065e-05
718248,3281,0.0067434548400342464
273270,502,0.0020995826926082373
996318,371,0.00103155174292624
303533,1336,0.008627666160464287
803140,536,-0.005987533368170261
680781,351,-0.0064897979609668255
284019,3606,0.009622178971767426
90915,256,-0.0024001849815249443
498573,3879,0.0004713622620329261
457478,390,-0.025109173730015755
494107,3840,-0.0019878200255334377
712448,187,-0.0032611447386443615
957889,387,-0.017722027376294136
420453,460,0.006481809075921774
964131,2536,-0.005988722667098045
529315,709,-0.003052222542464733
632650,3716,-0.015533067286014557
697820,3732,0.003168317489326
602849,257,0.00863858312368393
351402,2269,-0.010160358622670174
834345,3599,-0.002222370356321335
489214,3864,0.007180728949606419
677676,3032,-0.00340294255875051
39753,1604,-0.01144695095717907
276352,3347,-0.007476548198610544
747386,2781,0.008046196773648262
236498,38,0.002533114282414317
702653,3372,0.002500752918422222
999350,862,0.00397115433588624
79426,3895,0.0008920087711885571
872472,1117,0.002605924615636468
933879,1330,-0.0026006298139691353
425439,30,-0.007467417977750301
918676,1791,-0.005864163860678673
747034,1464,0.00441999826580286
758760,1942,0.008495681919157505
157751,927,-0.0057357847690582275
107545,1988,0.0024385962169617414
305518,338,-0.0005155128892511129
125331,2978,0.008516127243638039
571578,2825,-0.01307706255465746
244283,97,0.004550515674054623
81708,2162,0.0033661015331745148
7636,1726,-0.0032055587507784367
266406,809,-0.01610436849296093
628748,2513,-0.01447499543428421
676748,2042,-0.012445942498743534
13494,2210,0.01664147339761257
318976,3364,-0.009876678697764874
149043,3547,-0.0024749150034040213
352482,3760,-0.0033751821611076593
515381,245,0.011111663654446602
278757,2449,0.01603611558675766
584056,3837,-0.004432379268109798
592122,1925,0.0020967391319572926
335927,1340,0.011323459446430206
771481,3714,-0.011263339780271053
677623,3803,0.00031908665550872684
224322,26,-0.006331850774586201
82572,3932,0.002870750380679965
409716,2548,-0.010068545117974281
626479,771,-0.00234176404774189
886934,3181,0.010999237187206745
583906,851,0.0017743592616170645
222672,3756,-0.02064604125916958
752621,662,0.00625939667224884
479450,2098,-0.009475965984165668
60680,2618,-0.00549426581710577
31867,3217,0.0047532557509839535
607057,209,0.007241266779601574
560400,537,0.006947338115423918
833912,3488,-0.006379765458405018
518005,2786,-0.008784639649093151
415487,2828,0.011419656686484814
500637,3251,-0.001051565632224083
642849,1000,0.004221983253955841
647100,535,0.027304550632834435
297474,484,0.006968916859477758
839906,3738,0.0025334556121379137
11368,2347,0.0020073498599231243
542250,697,0.007645252160727978
563712,491,0.003132184036076069
982211,3859,-0.004915010649710894
689488,1359,0.0023739179596304893
550453,179,0.0027181527111679316
493135,3287,-0.01459263265132904
802379,3442,-0.008632809855043888
414486,2633,-0.0025744764134287834
931010,408,-0.008673029951751232
300285,3628,-0.008289738558232784
420795,936,0.0076767210848629475
782215,299,0.009694069623947144
424643,3213,0.00459493650123477
617123,122,0.0030650419648736715
838647,2142,0.008021783083677292
71963,436,0.006224123761057854
237028,2454,0.006673518102616072
675796,3049,-0.016215141862630844
265365,1226,0.005067784804850817
565257,1217,-0.0015021919971331954
293465,3929,0.007749228738248348
666169,2250,0.0020249211229383945
450501,753,0.00711752800270915
239683,932,0.00736840907484293
62798,1889,0.008459850214421749
53588,2296,-0.0008989087073132396
361509,2654,-0.010722791776061058
130291,3405,0.007623173296451569
169408,2860,-0.010839281603693962
774448,287,-0.0025265137664973736
432058,1480,-0.0048799943178892136
704939,963,0.00714432867243886
332065,3079,0.0036265007220208645
163379,1325,0.013015213422477245
599291,694,0.007683189585804939
231449,1874,0.0001522875390946865
768639,3417,-0.0043428391218185425
324047,3724,-0.00418156199157238
223115,2775,0.011631593108177185
467737,3420,0.010479756630957127
501131,3200,-0.0036260527558624744
762324,669,-0.010734026320278645
499608,3515,-0.00319836032576859
977089,3248,-0.012726891785860062
30895,1237,0.0063305688090622425
644717,881,-0.0030344685073941946
187461,2237,0.0071920547634363174
446841,1150,0.015008092857897282
235146,3374,8.276104927062988e-05
171973,181,0.00313656497746706
631193,2659,-0.0006903362227603793
710219,3919,0.0008116323733702302
696536,2554,0.006659625098109245
974687,152,-0.003386438824236393
607673,1893,0.003743160283192992
111137,554,-0.009947486221790314
925547,2159,0.012183436192572117
960495,2905,-7.789768278598785e-05
645352,882,-0.0018763754051178694
257950,3728,0.009670363739132881
202505,3885,0.005699391011148691
279251,1331,0.011070530861616135
194906,3150,-0.0014536345843225718
934094,3787,0.004441591911017895
512949,2500,0.00031289737671613693
260012,3090,-0.01065019704401493
508876,3768,-0.007515953853726387
918671,3389,-0.007777632214128971
323134,3653,0.006915990263223648
55579,996,0.004531520418822765
541160,92,7.440801709890366e-05
474027,2756,-0.009902387857437134
933934,897,0.0035705254413187504
181937,262,-0.003924023360013962
242593,782,-0.01576984114944935
266117,381,-0.004551855847239494
820391,1612,-0.0059501114301383495
747932,3659,-0.004309582524001598
74610,2282,0.004173233173787594
221502,2560,-0.00776425376534462
629430,638,0.0141775356605649
201409,2610,-0.0038434143643826246
293546,761,-0.00019727414473891258
647730,1526,0.0057990592904388905
750764,2847,0.005151612684130669
692203,93,-0.009099177084863186
556915,833,-0.009986637160182
697862,1063,0.013738407753407955
962549,3338,-0.0028251297771930695
32395,2102,-0.003960201516747475
436551,2526,0.011911495588719845
66668,524,0.00533946231007576
872239,1655,0.0021865549497306347
920695,3537,-0.005128635559231043
585634,3643,-0.01297265850007534
738030,915,-0.011043072678148746
353673,3414,-4.738540155813098e-05
116654,3743,-0.00014315219596028328
225288,2708,0.002846257295459509
328289,3153,0.0001531813177280128
331939,1978,-0.001702614245004952
656796,2059,-0.006044147070497274
966809,2149,0.001099917571991682
733750,1631,-0.010222822427749634
903298,1904,-0.0061647165566682816
173498,2400,0.007214870769530535
190456,3221,0.002136144321411848
129237,2602,-0.006997675634920597
187832,523,-0.0018518383149057627
243906,3687,-0.00022859429009258747
946950,2276,-0.0061063989996910095
408164,294,0.004446513019502163
267906,406,-0.011008287779986858
234904,429,0.0022095481399446726
269153,3342,-0.00838661752641201
830064,2417,-0.0062059503979980946
415335,2093,-0.00031673163175582886
19279,1551,-0.0032931575551629066
243640,3950,-0.003424676600843668
187455,1412,-0.00024828268215060234
327395,3796,-0.0005154626560397446
582621,547,-0.0031313414219766855
686021,1306,-0.0026144045405089855
127718,1189,0.006488941144198179
352097,1599,-0.0018202024511992931
647134,1656,0.00010456133168190718
737172,374,0.012089435011148453
899553,85,0.003192583564668894
802102,499,-0.0034224854316562414
800547,2052,0.008410051465034485
810537,3658,-0.02196001447737217
737449,2848,-0.0050950972363352776
788838,3544,0.002141360193490982
416885,346,-0.0009963959455490112
129039,3594,0.011070940643548965
360704,1113,0.00649917870759964
696609,1930,0.0032925778068602085
245850,1759,-0.015510422177612782
894969,1683,0.016408028081059456
416045,3454,-0.0034766963217407465
823413,3925,0.003303275676444173
823144,1879,-0.0052346582524478436
523354,957,-0.0039167506620287895
571078,3886,-0.006588370073586702
352945,2874,-0.003563321428373456
761177,3183,0.0014651946257799864
35186,1423,0.004260386805981398
851544,1896,0.014946382492780685
847452,20,0.0016119739739224315
927284,811,-0.0027240077033638954
78950,321,0.0026460387744009495
669524,2525,0.0090022636577487
246409,3503,-0.009294403716921806
425865,3927,0.0017593016382306814
935493,3734,0.0011363883968442678
849043,3564,-0.008734417147934437
933385,1840,0.003217966528609395
848474,1494,0.011170493438839912
755924,1987,0.0016927674878388643
127315,2354,0.005879369098693132
843802,3071,-0.006897558458149433
288276,1341,-0.002463964745402336
647207,3021,0.002151681110262871
434963,3795,0.003843898419290781
581800,169,-0.007021589204668999
358940,2558,-0.006408629007637501
759187,2328,-0.004173853434622288
385296,818,-0.0016565327532589436
455283,2330,-0.006038100458681583
424411,746,-0.0005117525579407811
898557,286,-0.008674928918480873
983123,482,0.0061451951041817665
931939,382,-0.008081607520580292
173002,68,-0.004800097551196814
887702,2485,-0.0014127001632004976
727039,1363,-0.0051371026784181595
80700,3680,-6.433366797864437e-05
843517,2733,0.000844510504975915
628405,23,-0.00010135630145668983
136442,261,-0.0009108445374295115
803568,670,-0.004087923094630241
867272,94,0.0033447234891355038
505050,991,-0.0026286214124411345
841592,506,-0.0073269326239824295
250455,1744,-0.008975011296570301
93824,1547,-0.013253644108772278
556093,2182,-0.006822595372796059
745270,1661,-0.010912591591477394
138340,3896,-0.006482339464128017
784890,715,-0.0047461786307394505
921623,2341,0.004029519855976105
455840,2131,-0.011492008343338966
851783,391,0.0014000139199197292
223029,3416,1.3048294931650162e-05
754886,3627,-0.003763027023524046
120561,325,-0.00314831524156034
513075,2747,0.0035940902307629585
513492,1151,-0.0009467927739024162
638329,2519,0.0015815331134945154
627910,1105,-0.00823220331221819
742585,3135,-0.000610059592872858
112306,1493,-0.0009434218518435955
723178,2647,0.006095509976148605
93693,577,0.005926229991018772
492017,3612,-0.002698303898796439
937864,2984,0.0019104448147118092
384387,3511,-0.002443320583552122
212110,3319,-0.013754592277109623
493776,1602,0.007964303717017174
732164,528,-0.002793618943542242
784511,2370,0.009297207929193974
873645,2726,-0.004665895830839872
41636,755,0.0006956245051696897
151491,1475,0.0020479378290474415
23129,1856,0.010811308398842812
5701,1658,-0.00940274354070425
451048,140,-0.0003636691253632307
608407,1003,-0.0017296940786764026
593535,205,-0.009682854637503624
168612,309,0.0061503686010837555
591724,3202,0.018199346959590912
957525,307,-0.0030366028659045696
178016,243,0.0005795261822640896
54996,3514,-0.006106925662606955
443954,340,0.014491892419755459
880851,1514,0.0085145253688097
675324,3235,0.007509725168347359
757052,273,-0.0029093697667121887
996177,2192,-0.006516598165035248
813079,3427,0.009338689967989922
100749,1651,0.0031806679908186197
172417,612,-0.00791857484728098
302113,467,-0.00734347989782691
70070,1472,-0.001654527266509831
161312,3490,-0.0016711936332285404
697825,3737,0.005452355369925499
4602,3693,0.001247455831617117
781456,2899,0.022231515496969223
346498,3776,0.005494644865393639
612891,2876,-0.004753860644996166
811328,1629,0.00926528126001358
351645,267,0.005920640658587217
596467,419,-6.117508746683598e-05
550274,1546,0.007758363615721464
741522,27,-0.0018523456528782845
522431,3496,-0.014079741202294827
968021,1839,-0.015970561653375626
128754,2092,-0.003646851284429431
931393,982,-0.001955478684976697
967161,2257,-0.005747211165726185
272603,3031,-0.009182672016322613
184513,3918,0.013759680092334747
86276,76,-0.005490646697580814
17343,3007,0.00676722452044487
235354,87,-0.002824130468070507
584057,3838,0.010041605681180954
395537,3269,-0.008821673691272736
289237,1825,0.0005272396374493837
474665,1119,0.0018822078127413988
481544,2204,0.009024258702993393
792252,695,0.0018727562855929136
288820,227,-0.009426494129002094
164963,2963,0.003669082187116146
967525,2751,0.002248222939670086
823616,1054,0.008185514248907566
734179,2419,0.0055252062156796455
654301,176,0.0019944116938859224
741454,278,0.018379727378487587
709564,2570,-0.004334467928856611
155318,3677,-0.0039523011073470116
754626,3459,0.003596188733354211
168031,18,0.008231268264353275
77499,637,-0.00026322886697016656
599776,1621,-0.0035021761432290077
471070,1593,-0.0010304634924978018
184361,496,-0.001423753914423287
469231,3127,0.010028036311268806
796802,132,0.004122186917811632
71948,424,0.0027195834554731846
83238,3141,0.004731414839625359
532658,3001,-0.010886767879128456
293858,3339,0.0031191944144666195
507580,3805,-0.003610223764553666
605742,3810,0.005951720289885998
282629,1312,0.01004258543252945
214673,2280,0.005813542753458023
184362,3850,0.0069045452401041985
509217,3415,0.006367049179971218
639487,2886,0.006938030477613211
988024,1447,-0.006068557966500521
696450,3154,0.003732444951310754
475121,633,0.0006564495852217078
425878,3128,0.0022439416497945786
144938,3109,-0.0099937217310071
172106,514,-0.005436924751847982
952168,949,0.008767672814428806
109578,487,-0.005308459047228098
505624,2323,0.009755483828485012
671180,422,0.0032038777135312557
248773,433,0.011514782905578613
999664,2238,0.01220590528100729
263120,1685,0.004550141282379627
226820,1699,0.0023655903059989214
52135,1817,-0.006904022768139839
705981,3767,0.0010274143423885107
712885,1869,-0.006061453837901354
132319,1807,0.00815912801772356
449984,3393,-0.011811177246272564
323239,3371,0.0044928546994924545
510426,3077,0.018801622092723846
64231,1313,-0.012188044376671314
193762,3182,0.007163218222558498
381600,3632,0.011287552304565907
101243,765,0.006576981395483017
41767,3345,0.001872500404715538
343797,3739,0.003196919336915016
700009,3331,-0.01760796085000038
187628,3855,0.004527081735432148
798570,3118,0.014339195564389229
830183,2283,0.0061965747736394405
336114,2388,0.0018269027350470424
913650,2549,0.006610438693314791
143333,2190,0.0010329135693609715
469448,3908,0.014836527407169342
645671,2062,-0.008771747350692749
110811,640,0.01217587012797594
510667,3861,-0.010201828554272652
705387,64,-0.007430477999150753
771572,358,-0.0015549579402431846
901793,2499,-0.0024775369092822075
499429,3870,-0.005922873970121145
120538,2578,-0.00733872689306736
460879,1053,0.0035877558402717113
291294,274,-0.0004548856522887945
779785,3366,-0.005610966123640537
125421,2566,-0.006028384901583195
33161,1949,0.0062558334320783615
461943,3780,0.0011908479500561953
74301,2975,0.0020581171847879887
116181,3851,0.003984203562140465
506621,2813,-0.004904669709503651
392056,2807,0.001830829307436943
777574,1404,0.02349136583507061
949336,3464,0.008968261070549488
713281,315,-0.01596197485923767
902491,2882,0.004654461517930031
960461,3718,0.0014676619321107864
42685,767,0.004224497824907303
530388,3719,0.013988452963531017
699263,1623,0.00247636204585433
208676,3456,0.007807351648807526
384715,3103,-0.0016525578685104847
284330,3188,0.000498396810144186
447822,1626,-0.005548343062400818
241205,1184,0.007742607034742832
284269,2345,-0.012406974099576473
290005,1648,0.013282297179102898
49906,1351,0.008724880404770374
652645,1550,-0.016756178811192513
21990,214,-0.014090283773839474
134934,3936,0.009553825482726097
503380,3240,-0.0026233240496367216
22568,1858,0.0006814752705395222
420193,248,0.01759101077914238
479286,2179,0.0022764126770198345
